x1,x2,x3,x4,x5,y
-10.8003419,3.172799438,5.239637859,7.307206537,5.994013455,0
-14.99092504,3.017590192,3.977745808,5.36093076,4.78481256,0
-11.71758432,1.48406169,6.603974188,7.225006862,3.876818509,0
-10.97763934,4.676936441,6.553846318,7.233868944,4.575601891,0
-12.32582242,2.746789893,5.453273784,4.684579468,2.429538853,0
-11.64337214,2.535197449,5.935077641,4.11377104,5.936094852,0
-12.64156651,3.900913831,3.963473785,5.50333967,5.406435694,0
-13.66892381,4.303433778,5.75162184,7.894304097,4.446026557,0
-10.45113982,3.621248813,4.864066243,4.35895069,4.931573799,1
-8.636497053,5.196117529,5.408499471,4.746921242,4.720726967,1
-12.09240535,2.933794927,6.154436135,6.096629849,4.17399014,0
-11.69281133,2.710210573,5.008312667,6.433754233,4.838064585,0
-12.25150491,3.683067164,5.361083248,4.965043501,3.534304734,0
-8.291933807,4.100912359,3.867771473,5.748914897,6.192865274,1
-12.8271689,3.493840826,3.989809656,7.97878778,4.349932104,0
-12.16478978,2.29706072,4.475833593,6.798351277,4.621066701,0
-12.23730443,3.82030521,8.146037005,7.185548806,4.376386663,0
-14.08925772,3.866051307,5.80831703,7.965632823,4.364964411,0
-13.21978752,3.173381693,4.874209067,5.252462496,4.201222581,0
-13.56498027,2.359168347,5.460198286,7.145308937,5.013221568,0
-12.65860029,3.292092277,4.482691583,4.902537318,3.684083395,0
-10.71413542,4.218205495,4.391760318,5.481072448,5.398051968,0
-13.27627221,4.337099557,6.091657785,7.152145103,3.306525257,0
-9.976551241,3.265319841,5.05214578,7.074867647,5.914126469,0
-13.85566826,3.769950111,4.866102584,8.129520182,5.072942723,0
-12.2152619,1.510308264,5.818353768,6.210831742,4.675014972,0
-13.6856422,1.137003655,4.806645595,6.809043359,2.818898803,0
-13.47951829,2.404454932,5.311711722,5.409858136,4.873113864,0
-11.04007879,2.774820899,4.000015948,4.648906584,5.643731676,0
-12.43386123,3.328805207,4.30623747,8.576312261,4.299735009,0
-14.13755272,3.473737953,4.519810082,3.885122496,5.085865423,0
-11.97876789,2.556192876,4.969015036,3.908574627,4.502542786,0
-12.3539496,2.71435794,7.059250057,6.232776028,3.387753072,0
-11.14173965,2.098983889,3.537428411,7.647795335,5.896118537,0
-12.81959609,1.510372917,6.247068909,5.43349981,4.216453772,0
-14.18689172,2.91106318,4.951563462,4.437486462,5.132306379,0
-13.90845807,3.825682767,3.611794173,5.89392407,5.046672252,0
-12.9271569,4.242228699,4.356631644,6.388255228,4.825506666,0
-11.47473669,1.07382318,6.358523997,6.09136309,4.855066577,0
-8.836844343,2.534027354,4.013963333,5.845870326,6.507593664,1
-9.860734387,4.249151088,3.77844044,4.126799887,7.297677689,1
-14.28987943,2.371545768,6.49300216,3.954522796,5.100046479,0
-11.22735404,1.92471845,6.138257685,6.095350191,3.797734098,0
-11.15543696,2.807963292,6.327078889,6.118030194,4.925760513,0
-11.79290314,1.506389212,5.161380817,5.398081433,2.523457963,0
-11.97960025,3.549918899,3.872001063,4.954231171,4.78504686,0
-12.92550235,2.952745967,4.389419431,5.813812925,4.532593801,0
-11.28693019,3.289391789,5.118830959,3.404124242,4.956924821,0
-11.64184696,4.823454724,4.366356105,7.590285407,6.090698258,0
-11.32061912,3.348404641,5.912555028,5.992009518,6.968148339,0
-10.78400206,4.433358411,3.355563885,4.791015973,6.46296477,1
-12.5174007,2.86394285,5.203810228,6.244061312,5.513084423,0
-11.3781261,1.796733413,4.05887998,6.136847797,4.209007883,0
-12.14694691,0.991314779,6.496787699,5.665181653,4.70245019,0
-13.47571412,4.548865392,4.510763572,4.621287053,5.654471162,0
-10.76945108,4.232941072,4.72019313,6.358517703,5.524939231,0
-12.04227356,3.432319613,3.787856501,3.883760308,4.093024097,0
-12.48052452,3.881676801,3.67932464,6.742619177,4.359716292,0
-11.67885567,2.644302947,4.867478116,4.169810476,5.868020418,0
-12.62258582,3.991417744,5.31185379,6.274603718,3.468748443,0
-10.91851326,5.313517081,4.192558112,4.994378007,3.886013076,0
-12.26262607,3.312705277,5.023694384,5.809347388,5.448426296,0
-9.734737523,4.207827805,4.013202079,5.313930051,5.804388052,1
-11.08485549,2.254460433,4.042509918,6.447449687,5.278310074,0
-12.16255267,2.324662909,4.247292058,7.195180038,5.163081329,0
-12.35746019,3.579268968,4.202134794,4.703070272,4.997564829,0
-10.23503385,3.202756319,3.881841888,4.975644832,5.526455992,0
-12.1266135,2.364047839,5.775865677,5.934897745,5.107296645,0
-11.05041619,2.907347238,6.084105625,4.491908628,6.623910177,0
-13.27328385,1.878495769,6.162596994,4.366886909,5.146951606,0
-12.53782249,2.1230947,6.591047302,8.185036397,4.402481942,0
-9.919117088,3.801771991,3.723401067,4.082976664,6.128790542,1
-10.78969585,2.278028486,5.59170933,6.491319547,5.644488472,0
-9.241913351,3.726207634,4.925913763,5.709723443,5.313956067,1
-11.77112774,3.111304476,5.084466945,7.671187596,6.239513497,0
-11.45922766,3.245112207,5.36695363,3.831334075,5.510426928,0
-12.8481239,4.922027974,5.514766177,5.994012197,4.157709967,0
-10.87775241,2.064867924,5.329204473,6.544270032,7.061388189,0
-13.39372706,4.104179672,4.067659714,5.056843563,5.436606232,0
-13.37061498,2.829232927,3.189286763,5.021761027,5.059172255,0
-10.12462417,3.39064418,3.538549135,6.234155939,3.894701779,0
-10.01203064,3.813305221,4.477821754,3.963596812,5.446771028,1
-11.63915165,3.036641531,5.28533696,5.146553656,5.137733756,0
-9.813060005,3.429301944,4.900380658,5.25763757,6.112691976,1
-10.37829977,5.147263273,3.110912654,5.55514629,4.824583047,1
-10.45085766,4.312102202,4.97997453,5.947517659,3.931759913,0
-12.58018651,2.185553112,6.090668704,6.185953245,4.59885416,0
-11.78604051,3.810739183,4.462780828,5.527961878,5.373653308,0
-13.22485524,3.221295167,5.038815236,7.359447724,6.384741337,0
-11.57505508,2.42315527,5.140300618,5.464794993,5.521730694,0
-8.615217968,4.702746893,4.125582983,4.952831625,6.343328954,1
-11.50091314,4.376632327,4.193170268,7.125257794,5.497933128,0
-11.06212863,3.655330826,4.802714868,5.990415282,4.805551715,0
-11.10090336,3.417894004,4.621926652,6.909233594,8.212693022,1
-12.82519634,2.897556635,4.26019315,4.700738921,6.107407007,0
-11.67182581,4.089974184,5.641304014,5.967221353,5.056786984,0
-13.38790209,3.748005112,5.902237412,6.403989851,4.393781603,0
-9.281980028,5.966184455,3.113376131,5.101756896,5.49669973,1
-12.41173484,2.243708372,3.605293573,5.24303937,3.943546954,0
-13.28361998,2.923382358,6.01100174,4.282006696,4.476220121,0
-10.37446305,3.237946062,3.878746136,5.699013384,4.746248553,0
-13.32040108,3.771133499,4.943854491,6.635589496,6.39831277,0
-10.65107193,4.0980689,3.546655044,5.980491136,4.935546155,0
-14.16069585,3.535333153,6.099137307,5.931455958,5.535810691,0
-12.03736069,0.244680687,6.248622733,5.757777023,7.131607943,0
-12.9704394,4.083201172,3.677857002,6.206728068,4.445187268,0
-13.85721229,3.050609352,4.597999564,7.306835859,5.132167969,0
-11.44241356,4.160124163,3.466148136,5.543464634,7.271988241,1
-11.193215,2.041371921,6.990760006,6.153301136,5.840189547,0
-11.08004659,4.34316607,4.157544122,5.780796936,5.216243674,1
-15.27352833,2.005994778,4.769596843,5.668749629,4.809920259,0
-12.89374578,5.459991084,6.342833795,6.586631625,4.004782496,0
-11.3779869,2.180393791,6.933939322,6.989295969,5.800737204,0
-14.12285961,2.916782483,4.905689689,6.704261465,3.999807576,0
-11.05864328,2.615683863,4.413323628,6.861342445,5.779240443,0
-12.38033025,3.810220279,3.971712978,4.59162646,4.641794591,0
-11.84342771,3.265267595,5.308812588,3.390282559,4.033509195,0
-10.20223928,1.98721325,5.823623324,5.705349647,4.407529428,0
-12.23054232,4.202158023,4.144569435,6.221988868,4.632822883,0
-12.18198328,3.044908556,4.817041617,6.708512002,3.497981443,0
-11.31806938,3.921645016,5.431072225,4.828785942,5.030329594,0
-12.24860476,2.531672023,3.810579393,4.974937587,3.665535068,0
-11.04449641,2.969039846,4.543907583,6.968389821,4.717699294,0
-11.62529586,2.292385738,4.976627646,6.209686906,3.582014583,0
-11.76205175,3.527553974,5.45453149,5.760155736,6.742473238,0
-11.16467059,3.740412696,5.917982454,6.196129086,3.77701354,0
-11.5106471,2.682020701,5.081218688,6.940336844,4.7696974,0
-9.691188988,3.537741455,3.899762732,5.857714153,5.879839606,0
-11.18035918,3.134542672,2.892767846,4.907791805,6.394073359,0
-13.65052361,3.213142593,6.604933004,7.1829133,6.848353638,0
-13.83276778,2.868109826,3.372922435,4.650996662,5.708386613,0
-12.40278318,2.293901629,4.512203122,6.830694699,4.915100632,0
-13.06393818,2.875818342,4.510102089,6.990661746,4.752322877,0
-11.54071546,0.454394598,1.931993831,6.457457066,6.616972865,0
-12.26288055,4.953746454,5.71081363,4.736994586,5.72992304,0
-10.84312605,4.789803054,3.332856035,4.705705682,3.657740138,0
-12.33948064,3.21985545,5.023449975,8.048523328,6.063276922,0
-11.45670268,2.286075321,5.089433868,6.327567689,5.618001087,0
-12.8613156,3.36623469,4.251296239,6.373136803,4.845890099,0
-13.22488169,2.169731086,4.166167423,6.845823332,4.02561144,0
-12.49637422,1.905985358,5.424349727,5.451354905,3.292690305,0
-12.59934514,3.289719033,5.652362909,6.704033867,6.073454272,0
-13.27962008,3.309951829,4.072631288,3.603484842,2.733761916,0
-10.57847966,4.855233094,6.231058314,4.756581936,4.929487174,0
-12.47180025,3.428646885,3.905223445,6.427123731,4.429428372,0
-10.93617438,3.566042419,5.434988428,5.349653822,4.837040158,0
-11.47048532,5.544979085,5.571650452,7.670074372,5.727002863,0
-11.15765552,4.810848262,4.863690232,6.180108423,3.395601801,0
-14.29798802,2.793513437,5.269827602,5.274377784,6.752272032,0
-12.69647833,2.86654012,4.246563057,7.106471977,5.8554916,0
-12.15930146,4.736132919,5.344350599,6.855748988,4.233784243,0
-10.41783719,2.118895761,3.302945618,4.976028869,3.594980479,0
-9.981297877,4.386683621,1.216527663,5.199266817,5.702481686,1
-12.61427999,1.782266206,5.967444252,5.39992064,6.220650203,0
-11.57082268,3.207911559,4.696641803,4.755381102,5.325769115,0
-12.39895455,3.810783303,4.739190124,6.122634795,5.471741342,0
-11.85397962,1.333297818,3.14952433,5.622751411,4.278017392,0
-10.32357018,2.290275979,7.952065425,5.694701319,7.829240978,0
-11.82482357,1.792407881,5.361823187,6.728953073,3.365340686,0
-13.00921781,3.642263475,5.380643003,6.725047315,3.93735784,0
-11.9005167,4.382624977,5.335330614,4.662120855,5.683540444,0
-11.04989197,2.23986379,4.784873427,7.137165829,4.307998093,0
-11.0875979,1.971042896,6.034902655,6.163346685,5.847676384,0
-9.44028212,2.720740007,6.021946406,7.603036789,6.540745091,0
-11.85207112,1.936616478,3.90096176,4.993670013,2.676841459,0
-11.9927984,4.516879361,5.246251369,5.826121937,5.689485018,0
-11.47319443,2.881086732,4.493956392,5.827344093,4.706776637,0
-12.98459526,3.403200469,5.932856212,6.03456,5.362431456,0
-11.98608969,2.682218566,5.113843293,5.798073463,3.295626261,0
-11.50664485,2.941611932,4.158390982,7.095938427,5.420935055,0
-12.38390183,2.224858199,5.26861425,6.388859422,5.598313806,0
-12.26842114,3.59775811,4.873346079,4.548458146,4.417842028,0
-11.30652624,2.333503095,3.141337688,6.105867028,6.259778408,0
-12.44470788,2.475025182,5.447150444,6.34254743,5.249432572,0
-12.97438736,3.469655749,4.400840224,7.470268741,3.912597386,0
-11.7652408,0.526496523,6.958654797,5.835451514,4.197703312,0
-10.43907307,4.556919774,4.2990506,4.623255494,4.308877246,0
-13.99667232,3.522846919,4.411312364,6.279489915,4.964893996,0
-11.98967813,4.234337715,4.643714024,6.779137708,4.293284177,0
-12.93946455,3.275847385,5.427606857,6.416746332,5.301753914,0
-10.39121121,5.117258322,4.555985196,4.537339142,5.725305683,0
-13.00588262,4.369614204,6.184889029,4.86659476,5.397302186,0
-12.03144479,2.815168484,3.667938573,7.133996343,5.924472405,0
-13.04954742,4.582306233,6.05579093,4.925254485,6.446709243,0
-10.88645367,3.839012616,3.921010284,5.393010221,3.631016344,1
-11.77124261,4.212764067,4.984124007,8.648112375,4.951294457,0
-11.91287051,3.392150114,5.11373961,3.988104419,5.970860938,0
-13.21430295,5.554970811,4.393443854,5.127283586,5.355437449,0
-11.26441522,6.526590429,3.05245086,3.521982524,6.08584044,1
-13.61857935,2.141186979,5.77662782,6.057510346,4.896951668,0
-12.28764197,4.885144807,4.897828029,5.530303007,4.724450188,0
-12.59488267,3.974895402,6.082367268,6.155597144,4.404940235,0
-12.52658379,3.217109481,4.82312052,6.493268842,4.429613273,0
-10.4739485,3.734982873,4.946434936,7.078443689,6.40788838,0
-9.994750207,3.648628709,4.532384485,5.443157493,4.831329168,0
-11.05565712,3.411433101,5.313223136,6.136687601,4.535784666,0
-12.31969448,1.469384212,4.684308085,5.594275439,4.511290537,0
-8.588788867,3.555469847,4.296511414,5.107807955,6.275092068,1
-11.84616462,2.541659987,5.822140517,5.006046276,4.815927803,0
-12.74097985,2.456649805,3.244200602,6.663252153,4.527802892,0
-8.890584529,4.906846658,5.019909429,5.447024804,4.932082559,1
-12.08895388,3.198542773,4.876672782,6.016988481,4.317000228,0
-9.797674884,4.156140679,5.414482889,7.157255951,5.654413803,0
-13.03501337,1.048579953,4.72540204,5.353521774,4.003233355,0
-12.90147757,2.106464923,5.815491735,5.594808492,3.749018968,0
-12.56135951,2.989271631,5.114136272,6.778377619,4.603010625,0
-11.96698686,2.860118718,5.401450139,4.690890711,4.559382067,0
-13.06246782,3.359132281,5.268149781,5.892756016,5.067547626,0
-10.37422889,2.243769036,4.293876177,5.874733054,3.920918928,0
-12.71121893,2.718781952,6.810790537,5.256447716,6.880890821,0
-9.608338449,2.620036132,4.203963506,4.307364645,5.399140545,1
-12.88092246,3.575587163,4.953171542,6.015188808,3.903238743,0
-10.85476348,4.595357179,3.281616789,4.687922221,5.376656995,1
-13.965565,1.933843532,4.390740308,5.159208888,4.675333086,0
-12.24980537,2.490567381,6.991091789,4.252984604,5.345283113,0
-11.61327165,2.978372302,3.987122818,5.831043955,5.772790437,0
-11.58872772,4.445373958,4.419745106,7.57608173,4.20109026,0
-13.45151159,1.99299506,5.60371994,4.126190505,4.971974209,0
-13.2782469,1.838949303,6.342085537,5.998796653,3.80618879,0
-11.07244979,3.153201267,4.722980523,4.296543931,7.309607035,0
-11.79903272,4.53415487,4.2205883,6.25717303,5.313170993,0
-10.56663295,3.481228513,6.05658126,6.553773614,3.440342756,0
-12.26360187,2.89439316,4.011074295,5.440865921,4.91676765,0
-11.89462809,5.76563221,6.096365753,5.1622783,6.355212923,0
-11.6316743,5.019215709,3.361399204,5.023291721,5.158298752,1
-11.72596091,3.444626537,5.769990738,5.26639972,4.390402451,0
-11.93926182,3.563697143,4.598768432,5.253113629,5.567086931,0
-10.98064832,3.571583201,4.674741436,6.189011722,3.784029336,0
-13.54290773,1.437903092,4.323907437,6.654070132,3.56091654,0
-13.36845625,2.683323007,5.416582217,6.302559637,4.712024354,0
-13.55659332,2.597706165,4.094987389,5.603430023,5.141292795,0
-11.57598096,1.918944954,4.039780958,6.559599212,6.722356356,0
-12.19689776,4.456692872,4.047746211,4.44074922,7.37610261,1
-11.83041436,3.304368482,5.450724288,6.88921944,5.327083656,0
-12.33529267,1.765426634,5.12112931,7.612339108,4.074361398,0
-11.81511188,3.855976902,3.791707972,4.895490584,4.692522592,0
-11.9554286,3.406907141,3.9592121,5.260268925,6.006924796,0
-12.28527716,1.333728097,4.63446053,3.652310103,3.503321197,0
-11.8305453,3.756243828,4.13308414,4.303177154,5.958272253,0
-13.5836032,3.473909041,5.770875587,4.337492165,4.866680457,0
-12.42547591,3.73528024,4.450463487,5.88857841,7.265650507,0
-8.733321595,5.691190375,2.740694216,4.63416837,4.706329355,1
-12.33287355,2.670374803,3.661720715,6.727166545,4.059885825,0
-10.6803651,2.058859577,3.753095921,4.842743995,7.32273557,1
-11.59602456,1.373795788,4.782538288,6.69865296,6.750306256,0
-10.35295099,4.972717365,7.035162933,4.898387759,3.995063623,1
-12.51563366,1.588782277,5.112025939,6.360575325,4.613020307,0
-11.60398053,2.094436241,4.953077153,7.233127292,5.605531235,0
-13.45529266,3.017530625,3.539627315,4.935928448,4.20867543,0
-10.93282244,2.721377132,5.732885289,6.15773419,4.908611639,0
-10.01750946,3.18616647,1.545038091,5.244045752,5.185261583,1
-10.21779517,1.784410969,4.051906743,6.151108054,5.457017542,0
-10.0045097,3.283440067,2.901005953,7.170216268,7.424668189,0
-12.55033761,2.434600586,4.591671764,5.560999442,6.116078881,0
-11.53941186,3.038467698,4.031971881,6.255126894,4.021424286,0
-12.43556818,3.557002691,4.932148837,6.859678904,5.478515875,0
-10.6191139,3.261918297,4.195002043,6.472404058,6.065630834,0
-12.32186207,3.263225323,4.077928416,6.609679321,5.654374948,0
-11.24796952,3.377622627,4.208743306,7.967671469,6.010815475,0
-8.725451523,4.469738236,5.336701139,4.060605417,6.668673053,1
-11.7636489,2.503261286,4.455711458,5.340926651,5.206681273,0
-11.09602421,4.510673755,3.8873651,6.60404385,6.541972968,0
-11.77295076,3.155611612,3.858512616,6.392904876,5.086365664,0
-11.39348621,3.406336281,3.984503188,5.144044905,5.891106822,0
-10.45205211,1.652690121,3.642243599,7.947809924,6.044577558,0
-10.99784092,2.333394095,6.9626671,6.448317298,4.275003155,0
-11.48950176,2.09754156,5.888387437,7.273161674,4.198205195,0
-11.80172801,4.533503655,5.2220785,6.031016513,3.17158898,0
-11.85626537,1.531421715,4.756106552,5.488918068,6.281168032,0
-9.142873511,4.615703161,4.499278111,4.895929444,5.500666945,1
-9.858833235,2.740473083,2.924655669,5.71110827,4.627984516,1
-11.10758753,5.365492249,4.134424882,5.09187101,6.243016416,1
-11.71286926,2.234948537,5.266565872,8.019843393,4.548696772,0
-13.55904695,1.309245549,4.155644479,6.096570821,5.513393094,0
-12.88343306,1.574810004,3.834116757,7.070868274,4.132925094,0
-11.17453891,1.595663243,5.673246475,6.178397036,5.411959581,0
-10.87154695,2.521048393,5.75012192,5.247771637,3.915434391,0
-11.22649878,2.540968348,6.850027115,5.399003893,4.695127247,0
-12.31327326,2.851814425,3.605188712,7.84702433,6.069321773,0
-10.33487075,3.826138094,4.063699167,4.7814428,5.663546648,0
-13.23099799,3.320654338,3.724617981,6.061583857,4.123622939,0
-11.31675284,3.929517488,6.355677227,6.475114305,4.997581779,0
-13.90152633,1.842378796,3.522730445,5.17163854,5.159513829,0
-10.95539473,1.790598073,6.528534522,5.074301642,5.693501717,0
-11.87175609,2.49203488,6.142518298,7.065303367,5.161303067,0
-9.932602616,4.223147466,3.79727915,5.137400916,7.013865789,1
-13.83479526,3.327496473,5.476237234,6.168428646,4.137588669,0
-11.27981713,1.63614059,5.108401599,6.16503377,3.957167024,0
-10.93989993,2.459638721,3.315813608,7.097867097,5.508908379,0
-12.2952175,2.318950726,5.3292698,5.151370254,5.097088213,0
-12.03692607,2.277915147,3.762861805,7.004858787,3.969320352,0
-12.37662416,1.791815379,5.263224895,6.360585955,5.213341477,0
-10.06183857,-0.695825157,3.946675432,4.940742899,4.710474204,0
-12.02994624,3.047090105,3.829141238,4.087472709,5.27154222,0
-13.65141155,2.147615464,4.784791156,7.269257496,4.493448254,0
-10.76985171,1.301062485,4.692625144,6.390692679,4.941174495,0
-10.73984209,4.105915114,4.035119886,5.762880389,6.104687309,0
-10.61705027,3.974859963,5.242870572,5.276979244,3.619319191,0
-9.815823789,1.849051439,5.790496521,5.55983509,4.424169437,0
-11.7592875,2.808555207,5.830499255,6.270645333,3.567997101,0
-13.02628746,1.494721341,6.218116912,5.864776354,5.785526025,0
-13.6483561,2.223811611,5.798988695,4.986506618,5.714148404,0
-9.518254229,3.437656045,5.729848904,7.204884535,4.574589245,0
-12.04126981,5.836195657,3.471422544,8.16507096,3.466078127,0
-12.27396138,3.695113899,6.883885625,6.847631496,6.838488453,0
-10.46169531,3.681641259,2.790139151,4.613319673,5.343265776,1
-11.27153725,2.232401692,3.570368843,5.97198108,3.954278361,0
-10.40563398,4.492374878,4.652213978,3.940379678,4.676659778,0
-9.440353831,2.484746266,5.388147922,4.695679632,6.443142304,1
-9.224399797,4.454397897,3.068652365,5.125090626,5.868041008,1
-10.7568236,3.685924565,6.705830715,7.065649544,3.782649367,0
-13.3186528,1.386295958,4.475550038,7.132450199,1.102308384,0
-10.46467839,4.856544714,4.443231471,5.246560943,6.934503763,0
-12.92532938,4.646538222,3.970851972,7.260004997,6.568924643,0
-11.6779347,1.868999841,5.15786114,5.079602444,4.254090121,0
-12.38043363,4.378163045,5.993080261,5.977651515,5.939561244,0
-11.9090572,2.787748815,4.705573781,5.874022104,3.961161981,0
-11.20441151,2.738690811,5.71458538,5.629163931,5.128932901,0
-11.10017078,2.487556434,6.469928825,5.179398663,4.86878946,0
-12.05001052,3.102698857,3.36989709,6.271868514,5.549029179,0
-12.24286461,2.116964906,5.012713749,9.010748773,4.753182795,0
-9.417315364,4.035279191,2.966924436,4.531388435,6.990251108,1
-11.45682634,1.865683746,4.723235071,6.617159356,5.036961294,0
-12.78117039,1.695430636,5.834412546,6.538500583,4.847202475,0
-11.47071563,2.015918386,5.900884973,7.650690979,5.202458359,0
-9.591940077,1.762789308,3.652834251,6.053751365,4.040520715,1
-12.49472168,2.861004882,6.154654424,5.244060254,5.119815487,0
-12.10160324,2.338403835,4.721692022,5.510546343,7.511715947,0
-11.04492777,3.579045511,4.601516143,6.06438905,6.470157347,0
-10.7310886,1.698004385,5.233253292,7.379368184,4.163178433,0
-12.34406965,2.961601874,4.953692609,6.850048864,4.186793408,0
-11.92814627,3.666335077,5.332115583,5.663495019,5.497755356,0
-10.38891628,1.662516792,5.315090029,5.472174267,4.651756054,0
-12.94173482,0.900093269,7.191431551,5.76126672,4.917939884,0
-12.47392055,4.32450692,5.422499686,5.76679756,4.068209651,0
-12.2274311,3.756470051,4.055427478,6.231872416,5.813426876,0
-9.678227967,1.44464003,4.491745912,5.341187011,4.9480166,0
-14.12851456,3.257253168,4.200059264,4.390539908,4.871293005,0
-13.73172025,3.226676745,3.880139204,4.773462795,5.973257434,0
-11.82287706,1.826180319,6.036561862,6.107405857,5.764617639,0
-11.65753009,1.851707211,5.172519256,7.956983691,3.789127137,0
-12.43731231,1.863753477,5.045258747,5.674796189,3.392793259,0
-10.8013383,4.031171427,6.643289445,5.160224648,3.530975368,0
-13.50190603,3.608979348,5.336783798,6.12864269,4.624946185,0
-11.2411388,3.823583516,6.224460518,5.75235755,4.616126585,0
-12.74251253,3.832762531,3.715619678,5.654994678,4.28222812,0
-12.93199738,2.982397194,5.827984837,4.700756338,5.677565123,0
-11.86800246,2.515254781,6.843541147,5.149412795,4.38666289,0
-11.70270942,3.501861924,6.23198489,6.234284108,4.828257141,0
-12.83801706,3.057799643,5.719869312,5.716279686,4.945735336,0
-9.802578743,3.727625522,4.730765474,4.406433572,6.447956812,1
-11.03036178,2.816873549,3.313659762,6.63919082,4.404162513,0
-11.72654269,2.731590781,5.470261568,5.460493736,5.554355579,0
-11.57496163,1.417570617,6.243575778,5.155959909,3.01443511,0
-12.10457358,4.126053787,5.549929322,5.062852304,6.583580988,0
-10.2022825,2.994030324,6.831635282,5.301324225,5.778183391,0
-11.09475288,3.042693544,4.349963549,7.959334361,6.607606035,0
-12.99519112,2.07613367,3.178274895,5.901337722,4.371663307,0
-10.28018178,2.410112309,5.615952078,7.367414282,4.542363133,0
-11.90613526,2.41343803,4.494336184,5.517101824,5.955244147,0
-12.98948841,3.51697131,5.770807556,6.443967266,7.119517666,0
-12.56197788,1.789187109,4.371418154,5.733217549,4.683515259,0
-12.40561792,1.175474713,5.611013201,5.752835884,4.438432845,0
-12.9130196,3.269558436,2.875991567,3.863227849,4.102660405,0
-8.349400668,3.268645955,4.051300428,6.645016179,4.108506543,1
-12.12220127,3.386669452,5.926177406,5.984812567,5.16517083,0
-11.46575716,2.706666425,5.737728999,6.929987151,6.007125929,0
-12.48828405,2.128732096,5.736601912,7.147011864,5.506194122,0
-13.85002449,2.892354232,4.272927004,4.692327804,4.230855327,0
-10.04172294,3.728823604,2.789936513,3.532158242,5.725700156,1
-9.831220463,3.335261374,3.051212763,4.445153283,5.702413227,1
-11.34843356,2.180247508,4.231594945,5.504601886,3.91536612,0
-12.18983096,3.607457544,5.340988411,4.981723557,4.836811795,0
-11.24604493,2.518015707,6.268531885,6.025034212,5.522387907,0
-9.952730725,4.88707739,3.093172839,4.560991725,7.542794795,1
-13.84321161,3.797807172,6.451995282,5.402407366,4.99731724,0
-8.268947167,4.078333079,3.056707563,4.240200283,5.877854525,1
-12.01349736,1.918614006,4.70311863,5.273895248,4.795663219,0
-12.75907907,1.803831101,4.184558082,6.217281313,5.931228768,0
-11.97302139,2.497737378,4.722782876,3.923043952,6.215773256,1
-12.33271753,3.170855236,3.871029284,5.953621354,4.831349014,0
-11.11637764,2.657782341,4.404777411,6.89673602,6.178678534,0
-9.536931522,4.649620159,4.93695982,5.069255579,6.026842135,0
-12.20067611,3.620815761,5.665912621,6.607721206,4.297176039,0
-11.4783309,3.669857346,4.535088237,6.880724111,5.185656862,0
-8.872974452,3.779053511,4.401073474,4.466660302,5.691643565,1
-11.57629465,1.043700149,6.872944499,6.686050647,6.506584649,0
-9.079495749,2.61242375,3.690847003,4.509232678,4.867367136,1
-12.44389051,2.562260474,4.668649158,5.603456156,4.238766536,0
-11.19337449,2.262367279,5.566867166,5.780701703,6.096752567,0
-12.70530184,2.403788433,5.995652536,7.007314574,5.991752135,0
-12.38714948,1.624506568,6.79160219,6.508570614,4.80165,0
-12.78220339,5.262381717,5.171558939,5.135277731,4.510000249,0
-12.23693404,3.489722536,4.48712245,6.397299621,6.411864643,0
-11.37292144,4.031839834,4.55273132,6.322856342,4.819223636,0
-9.444780659,4.657320295,2.076387039,4.909604117,5.903608683,1
-11.82138129,3.57136139,3.746266214,6.455288236,2.788122057,0
-13.38587497,2.979460029,5.094077913,5.972379384,4.861139163,0
-12.22975636,3.923761381,4.202807816,3.747258455,7.133601021,1
-12.37757354,3.344577751,6.305020037,7.335276441,5.058990628,0
-10.9375169,3.611855997,4.318864302,6.478849042,4.278642461,1
-11.56707679,4.554545169,5.205128711,4.92560563,4.589248881,0
-13.00177047,4.686087106,5.072695647,5.211559822,1.9461719,0
-12.16529489,4.164149519,4.783964329,4.485032515,5.500854653,0
-12.77639255,-0.160902621,4.120613874,5.941029743,5.442844997,0
-13.26078827,3.162833536,4.795077646,5.091764046,2.313293534,0
-11.87980232,3.373734388,6.269383729,7.306029844,5.510525862,0
-12.67119667,4.885108234,4.965405027,6.283159622,5.584115917,0
-12.10038014,2.540435952,5.607050856,6.764860072,5.092451111,0
-12.65706703,4.510533135,3.760933227,4.552543116,4.696821669,0
-13.99331379,3.618538447,4.213129691,6.466460008,4.232354743,0
-11.73753162,2.58873381,5.448208689,4.808671242,4.795099634,0
-9.039445007,2.986605915,4.718085933,4.257740899,6.084500286,1
-13.91666376,2.819927438,6.269644132,3.424317287,5.557686213,0
-11.2805916,2.678302873,6.615820724,6.55389522,5.528585354,0
-11.99569494,3.344550469,5.550058117,8.251350215,4.983177874,0
-11.44951161,2.421502756,5.550389942,6.773297903,5.129065717,0
-12.47737548,2.011123992,4.451628419,6.868143697,5.340158255,0
-12.10127906,3.150612243,4.156932725,6.950065249,5.007775373,0
-10.28455003,4.782079656,4.786511237,4.816572144,6.966203595,1
-11.09843856,2.82170292,5.292286061,7.657520655,5.554771753,0
-12.77194284,2.798218804,5.318586057,5.92778228,5.041430148,0
-12.4051891,4.04838751,5.251148555,5.349391704,6.582360941,0
-11.96973289,2.699503502,5.280128153,6.74952777,4.439979625,0
-10.89467306,2.520499932,2.406174166,7.401942054,3.671542839,0
-10.99425697,1.939629543,5.025924396,5.762501116,5.088853319,0
-12.84800948,4.305906358,5.924207966,6.640411801,3.945263017,0
-10.91230087,2.37261921,3.918054091,6.992660255,5.262291363,0
-11.23084032,4.333659978,3.611393744,5.182045218,5.260905543,0
-11.61125605,3.877282434,6.391107016,6.234327721,4.857182887,0
-9.480956341,4.835030366,5.191381697,3.439025785,4.468091272,1
-11.50996254,3.601427473,5.493813407,4.98178561,4.790924389,0
-13.71194245,3.831053678,3.897172634,5.964420024,5.017496914,0
-10.36389434,3.567548319,4.583520997,7.209922574,3.563742969,0
-8.014096928,2.198629701,5.331306488,5.466117452,6.879104351,1
-11.3854129,2.712195773,6.611742736,8.085224651,3.141603903,0
-10.18367919,1.310498575,3.337893175,5.97671473,5.502286969,0
-10.56462541,2.776119913,5.597396741,5.577112003,5.521674545,0
-13.52481845,2.589951481,5.344821244,7.268427276,6.738293933,0
-12.8640889,0.067732374,4.715451905,4.799267611,4.915114918,0
-11.694511,2.844564793,5.158058795,7.495246662,4.418828088,0
-13.82052285,4.424745621,5.070930364,5.062846836,4.982276037,0
-13.22283319,4.570509945,6.720483897,4.816346013,4.545761745,0
-12.89295007,3.305093852,4.411422308,5.474637823,4.676456295,0
-12.20582192,2.063827176,6.715371205,5.564947177,5.612317449,0
-11.10130759,3.298847206,4.801385604,5.331233048,4.435967641,0
-13.00570393,3.188745972,4.80627085,6.905267922,5.877394803,0
-11.96797501,2.591481471,6.272346741,7.091868763,4.910793178,0
-12.27582066,2.386684885,6.201780552,4.879551873,4.409053186,0
-12.77676385,4.291089077,6.036171922,5.249876021,6.714947363,0
-9.918496836,3.087487193,4.043430289,4.75543484,5.504602167,1
-12.60061423,3.184165868,3.989915317,4.910758966,5.83153107,0
-12.50284404,3.771924892,4.232253285,6.556572027,4.007714439,0
-10.73146016,2.110490925,6.048820429,8.824035589,4.600158613,0
-9.610979102,3.06302276,5.295206869,6.941794035,4.972452471,0
-12.0199271,4.826179177,4.304179619,7.323512922,4.516889979,0
-12.76545024,3.19890019,4.563932369,6.303839376,4.972791492,0
-10.44316994,2.948867838,4.978792088,5.81614405,5.25067203,0
-12.05735146,3.548428959,5.571178632,5.64489238,3.246147478,0
-11.85196532,3.249513474,5.145561163,6.842864827,5.486033421,0
-11.33850429,3.428335981,6.106094089,6.376243039,5.617333495,0
-14.41178598,2.764053327,6.251033471,5.34373253,4.951068557,0
-10.5888975,3.676591545,3.861802121,4.969454745,5.836656854,1
-9.769186032,4.038530832,3.783790352,6.349836297,6.046539433,1
-12.12483849,0.559620533,5.503342195,6.120174468,6.312032554,0
-11.13731275,1.972282798,2.973863108,5.166596189,4.654278524,0
-13.28856618,2.193961895,3.995216499,3.836964735,6.044119502,0
-13.0147775,3.499113637,4.046169596,4.682677851,5.044346732,0
-10.13923755,2.657013982,5.23476415,6.907152261,3.786143371,0
-10.97824423,3.270656537,5.778642308,6.845273651,5.905722169,0
-12.06649625,3.330825218,4.791988122,5.181279249,4.353508577,0
-12.05292077,2.786632981,5.18553189,7.105907886,3.786210222,0
-12.68760319,2.664906234,5.233713206,7.677978101,4.01357301,0
-13.14556268,2.066288124,5.918474388,6.956791448,6.301723509,0
-12.47043843,2.791569068,6.857311799,6.188289536,4.85956708,0
-10.84833894,3.373104185,5.538965519,5.778799734,5.478658913,0
-12.17273576,2.566454307,4.407124265,6.127835525,6.355411356,0
-10.85851584,1.010910048,2.74342281,5.655654251,5.570183538,0
-10.78181633,2.504625365,4.296525435,8.356482798,5.402091491,0
-11.24567923,3.024530037,3.497066054,6.989077043,5.663690948,0
-10.72038133,1.93710544,5.884157998,5.585247061,4.071056091,0
-9.754181794,4.756506073,4.955604078,3.975965411,6.06548184,1
-10.91129046,2.993635681,4.335093247,6.270068042,5.37391291,0
-10.66920893,1.528257101,5.142115466,7.545464052,6.963231385,0
-11.21126225,3.822849858,5.776091205,5.101465001,3.965963267,0
-12.20421309,4.966384822,5.823346112,4.942516019,5.551049366,0
-12.5289199,4.025966519,4.990183339,5.160151775,5.120766182,0
-12.15236951,1.876939021,2.600899619,6.109731217,3.195236287,0
-11.91556969,3.678920183,5.01550996,6.464515124,4.936005957,0
-11.93432134,2.478947593,6.47503458,6.309342578,5.052706546,0
-12.71721565,2.398670774,4.446310594,3.918203583,4.223148905,0
-14.64618649,2.74470229,4.871149181,6.122054367,4.468290068,0
-12.21594725,3.058227023,3.281443414,5.33155139,4.950384825,0
-9.646382209,4.713189449,2.724794298,4.4205161,4.65176783,1
-11.35387159,2.169919201,4.133282956,5.18049921,4.146157962,0
-9.532850417,2.574446963,4.764096586,6.494959704,6.381536622,1
-11.58239208,4.036777022,6.257246597,4.880041674,6.355290832,0
-12.03928908,2.062600375,5.634237774,6.951640582,4.892080412,0
-11.87217994,4.236935113,4.182270981,4.871237956,3.803558003,0
-12.96750567,2.488303779,4.683845794,5.906313267,4.698436007,0
-11.40662717,4.390189667,3.846784382,5.423260519,6.979583221,1
-10.13520811,1.923608571,3.544234067,5.339433322,5.512826458,1
-11.81984832,4.18546525,4.811721603,8.340264303,3.626160276,0
-11.95005038,3.194728039,4.462790673,6.711510604,3.958101319,0
-12.72557249,3.234427669,6.451933446,6.453165826,4.506324425,0
-10.39800916,3.558450372,3.048630601,5.128821271,6.901094972,1
-12.53576213,2.81860948,4.33136055,5.48418044,4.255330517,0
-11.0925555,3.422889373,2.787571047,4.345794259,5.321375264,0
-12.46267435,1.919249795,4.68622586,4.982148113,5.4994227,0
-10.04489204,4.091201405,5.938911924,5.460430486,5.254599742,0
-11.36085279,3.18200945,3.271335978,6.382462776,5.622189203,0
-9.942365077,4.324584908,3.717305045,1.938383214,6.312380989,1
-12.77554641,3.932385556,4.634116781,6.515588782,4.853476694,0
-11.32324893,4.669661342,5.444840944,5.689186011,4.194684242,0
-11.16778097,2.570795015,4.851723583,6.229167824,5.990391182,0
-13.76331794,2.454964974,3.418455367,6.631275319,5.252017244,0
-11.74487404,1.273727222,4.389995542,4.819137779,5.435690094,0
-9.711097015,2.98442715,3.741500369,3.894112006,5.085003189,1
-11.36325956,3.352482157,2.471541096,6.02289281,5.851778459,0
-12.03657961,3.431640016,4.345289123,5.61190626,3.977856496,0
-10.6298405,4.341092781,5.514199011,4.076651186,3.801735014,1
-11.02095619,3.063513839,3.809429087,6.214936917,4.887726553,0
-11.80719449,3.834787663,4.201897541,4.943937703,5.277207112,0
-12.53744595,3.388246654,5.652691565,6.718543605,4.838944267,0
-8.149690445,6.075772792,3.599106107,4.762562733,6.459290967,1
-10.83273906,4.595457492,5.802612065,4.362965753,5.225681836,0
-13.20392301,1.869786992,3.732689505,6.873957161,3.604932286,0
-11.14748445,4.078237052,3.736066441,4.265325216,6.937380112,1
-11.95093648,3.961278749,4.996295572,4.64530812,6.097256171,0
-11.69608281,2.389731424,7.243114758,4.790396206,4.960266218,0
-11.59511791,3.827666347,5.69943278,4.060333895,4.733940239,0
-10.05521094,4.93546313,3.906307137,4.809989216,5.953748794,1
-14.77620409,1.911277938,5.537282875,6.157453425,6.04408771,0
-11.640237,2.982125926,5.011082318,7.560655971,3.614172746,0
-11.80442336,2.904913161,5.831744313,6.342038713,4.864037658,0
-12.50433889,2.734144805,4.414699531,5.601413427,3.003427854,0
-12.64776784,1.619289239,4.52580908,7.269476077,5.479879029,0
-12.95210834,2.142011387,2.482731843,6.853508975,3.540081557,0
-12.63658761,2.792609507,4.126595858,5.988155208,3.358267109,0
-11.982018,2.485444865,3.166633631,8.021812952,4.648684054,0
-12.867548,2.807281257,5.04205074,4.816712198,4.917817323,0
-11.87816402,2.422083867,4.957107215,6.599519665,2.543047768,0
-12.42026989,2.569928019,3.498317921,5.634676828,6.396437887,0
-11.46912354,2.625249821,4.915220365,6.468152964,5.478553982,0
-10.72418892,3.282088326,5.121193571,7.396009995,4.655614042,0
-9.167366313,3.350453014,3.920713169,5.929831657,4.433095443,1
-10.90501434,2.686961268,4.645370127,5.297051414,3.984972256,0
-12.67393926,2.52534413,3.937301165,4.809364573,5.503388957,0
-12.79463549,2.172700053,6.519911145,6.391280901,5.042795979,0
-12.21442529,3.700146529,4.641065913,5.967181118,4.12356552,0
-9.807625416,2.719126707,4.37414209,5.016046761,6.725633331,1
-12.2074867,3.072309566,6.003819909,5.98803495,5.756152466,0
-11.26489443,5.74319366,3.210064893,5.600887654,6.06029585,1
-14.120142,3.587636554,5.844343331,6.677282053,6.597574761,0
-11.75144345,2.919491056,5.581181699,5.684886722,4.8612193,0
-9.802645469,3.343718872,4.607653717,4.914237131,4.559239431,0
-11.28929731,2.13014089,4.577517945,4.937922143,4.782279939,0
-11.96578455,3.098267341,4.748729298,6.059721145,4.872714913,0
-11.24891001,3.638358992,4.664769702,7.52014095,3.468637056,0
-10.45476222,4.074636664,5.241858279,4.646116135,5.246987222,0
-12.1854631,2.508163189,5.98936155,6.280184869,6.504241772,0
-10.53524058,3.606657587,3.204681935,5.646784685,4.618502656,1
-12.63815113,1.275844367,4.34225089,5.468672419,5.660878308,0
-13.58737054,2.354285543,3.657210991,5.77180542,3.354943003,0
-12.24034463,3.387691102,2.571243506,5.816390959,3.393576647,0
-11.83063144,3.091087345,5.762502803,6.707637114,2.933608097,0
-11.23286523,5.031937255,5.332075528,5.923100246,6.716790223,0
-8.757691076,4.30778564,5.651763527,7.927833866,5.334022654,1
-11.92292984,2.129334547,5.818884624,7.535973721,4.764129553,0
-12.41644713,4.156556461,4.750138859,4.483154951,5.466737815,0
-12.72384223,3.540646301,6.335950514,5.835715267,5.334058047,0
-10.20171495,2.12730734,4.45655732,5.258140754,5.35828245,0
-12.30740781,2.80929773,4.386723537,6.293157669,4.196794173,0
-12.9578045,2.648245368,5.207149186,5.78842475,4.56187762,0
-10.61963283,2.774069732,4.661278894,6.920463176,3.251328848,0
-11.78029493,3.549747397,6.037367683,5.778976475,4.695313414,0
-12.6492398,4.32674117,6.224821546,6.583417074,4.440500432,0
-12.36454255,2.650059316,3.432344821,7.580682276,5.14032763,0
-11.12981009,0.166940239,5.836722452,8.108143526,6.075167393,0
-13.30481917,2.443430546,6.528228076,6.493021743,6.238741831,0
-11.41509436,3.531943545,5.312835982,6.674449904,4.710446681,0
-11.01660142,2.24983486,5.019902718,4.907804859,6.352467592,0
-11.79909336,2.158712726,5.860366842,6.582011553,5.465018953,0
-12.34281684,3.627579336,6.016406593,4.555482447,5.528562484,0
-10.84233058,2.974262321,4.473061685,5.800656756,6.686560778,0
-11.24874739,4.263897023,5.34692041,5.517780932,5.110751696,0
-12.09403799,3.755104822,4.73236847,5.166158552,7.329358288,0
-12.53957038,3.495656626,3.846077889,6.508617432,4.386987343,0
-10.78634934,2.006508027,5.294885305,5.578490794,3.636944471,0
-10.70093406,2.837242324,5.961433664,7.517455934,4.356145438,0
-12.80349059,2.431378174,5.340087479,6.538694075,3.83885784,0
-11.45175068,1.942221177,5.232301263,5.128028041,3.170307371,0
-10.92479351,2.834906531,6.465743395,5.975214556,5.585816445,0
-11.15738591,1.727539325,5.091419619,6.067497151,4.626421845,0
-11.58560644,4.021804672,5.671646814,7.001968515,4.75570419,0
-12.24525366,4.774374497,5.422823825,8.602830764,6.466768088,0
-12.58250518,3.148095261,5.619192849,5.964285903,3.626932307,0
-11.3489611,2.982000664,4.974425395,4.675332368,4.637028123,0
-11.45106404,2.752505167,3.913176929,6.698683913,6.210161798,0
-11.50035138,2.942238057,3.233581551,5.756598127,4.434423329,0
-13.34996737,3.863358131,3.829565395,5.867192075,6.245216337,0
-10.80502349,2.646031736,5.763090758,3.993699299,5.172280929,0
-12.04936576,3.398051382,3.293381183,5.738745722,5.295797612,0
-11.36332974,1.642348192,5.992009407,7.240888366,4.230630133,0
-11.58585405,3.279202872,4.464742462,4.843998612,3.2284078,0
-13.10193821,2.249233283,4.212124642,5.401702314,3.324544116,0
-11.42227317,1.98272434,6.529901064,6.844740203,5.686416545,0
-11.88094579,3.925585788,4.834431803,5.517700498,5.387831878,0
-10.70146303,3.669238343,5.099138935,6.82501176,4.443393782,0
-12.39175702,4.464819523,5.544758046,6.363371116,3.317834578,0
-13.03448717,3.073441503,4.491055157,5.948675197,2.741166749,0
-12.1779021,3.174454296,3.957577079,5.849173424,4.053889524,0
-12.80787861,1.119124258,6.808143495,4.415624131,4.630048684,0
-10.68016958,4.963929974,5.158007972,4.375308074,5.114126422,1
-12.50635499,2.994536593,5.807074432,5.678797321,3.957213642,0
-10.27742348,3.314985093,5.266181959,6.644566849,5.018811353,0
-11.3936952,3.740295796,4.056394453,2.599455106,6.898976376,1
-10.68201469,2.939877154,5.976841012,5.300923349,5.866845318,0
-12.18982106,3.339444479,3.193629548,6.605262856,5.240847893,0
-13.53049314,5.401526483,5.753078306,5.545979069,5.87971928,0
-10.88774084,3.366717753,2.932950602,5.959183235,5.913046611,1
-13.60068129,2.982885974,5.559476215,6.525592942,5.360034497,0
-11.36318574,3.446566343,7.301162663,6.106017147,4.040244549,0
-13.00921465,3.330048785,2.812724796,5.168558452,5.247620853,0
-10.93089057,3.229977487,4.812306313,6.997828066,5.796992443,0
-13.05201903,2.132654316,5.795260444,7.169418785,5.082706385,0
-12.13051312,3.601778081,7.831323072,6.884913392,4.001292052,0
-13.06182807,2.105573406,5.621331518,5.734451958,5.806467826,0
-13.65084424,3.491279328,3.661494536,5.703911669,5.613710414,0
-9.31763825,5.61409662,4.820575887,4.448739001,6.861263668,1
-11.49253595,1.067617555,6.590211549,6.954773155,4.104409153,0
-10.57085281,4.089410973,4.212929061,5.924079249,6.1537848,0
-11.65371379,4.472547475,5.252859989,6.644267826,5.109937645,0
-12.5321186,3.768908644,7.006949683,5.110212939,6.0718665,0
-9.623572228,5.051233322,4.834290727,4.766129115,4.872312064,1
-12.76149314,3.236652947,3.712443092,6.494266334,5.141255102,0
-9.354739535,4.238094809,5.494897379,5.376192368,4.79096179,1
-12.06986074,2.766370587,4.54034597,7.280583691,5.376196607,0
-10.67635478,4.779152208,3.976323583,7.858718467,5.868470067,1
-12.3957571,2.88920212,2.030101483,7.413507312,5.097171462,0
-11.72158054,3.902613257,7.249288268,8.006431336,4.518015708,0
-11.37136637,2.016289833,5.368204997,5.950010101,6.719494361,0
-11.86600579,2.726180847,3.674490752,4.678335759,7.491341045,1
-11.72587675,3.367296464,5.195889334,5.886471294,2.911072939,0
-13.91219692,2.969868746,4.693049601,7.061962428,5.160194064,0
-10.30272799,3.313928836,5.237489315,5.59885148,5.756019855,0
-10.53977169,4.141581282,3.428956975,5.366362797,5.694874715,1
-12.42792688,3.098076528,4.475455177,4.860376521,5.366820389,0
-13.01081291,1.907745432,5.692837324,6.586544572,5.467073363,0
-10.81768952,1.650195288,5.589613563,6.114726236,6.467621903,0
-11.03992237,3.593478332,4.3620973,6.608409715,5.596801624,0
-10.82998397,1.391857426,4.045047878,5.952040427,5.741198941,0
-12.01199102,2.46724108,4.251524811,5.661679431,5.331467851,0
-12.61635866,3.951874796,5.693628357,6.807979101,4.089309034,0
-13.91131788,4.169672178,6.105964605,7.773249243,7.08244252,0
-12.44237199,2.68474466,5.230530064,4.254872891,3.876589716,0
-10.98762405,3.623145752,4.559829817,6.160082256,5.899932788,0
-12.58593685,3.84414855,5.583223952,5.857754017,5.091053205,0
-11.95008975,3.071277688,6.0771161,7.019528863,5.334103604,0
-12.28705126,4.366767803,7.167100045,6.255873314,5.273355035,0
-12.85690012,4.103662075,5.60636852,4.804398254,4.626272328,0
-12.00793659,2.758841836,4.624466102,5.853113882,5.5001399,0
-12.08726164,1.298797206,5.917543833,6.306874934,3.385540851,0
-13.41656949,2.50673487,5.255768954,5.727050176,2.827326612,0
-12.77812049,2.212707637,4.538240627,5.686647931,4.285470431,0
-11.23624827,2.037446018,4.63579339,4.283666231,5.941748346,0
-14.13807143,3.987993158,5.820486612,6.581123877,6.777450826,0
-12.34430841,3.820059063,4.886193923,6.371725255,2.341968201,0
-11.25174727,4.277438681,6.520414758,5.623594033,4.797250074,0
-10.52828307,4.131382636,3.547325841,7.175401708,7.018506933,1
-8.51330614,3.512839691,4.342089647,3.956621656,5.697901513,1
-14.19227032,2.300411428,6.056259405,6.112249444,5.206482239,0
-13.10762346,1.965688823,6.232444402,4.472150739,3.50285354,0
-14.8678931,5.176545413,4.822753449,6.349864886,5.429181264,0
-12.8551187,3.674438821,5.637205415,5.684765564,3.129271059,0
-11.5263452,4.654131731,8.463712844,5.16082171,4.52327453,0
-8.896546793,4.273171129,5.401476044,6.546844667,6.262828845,1
-13.62771066,4.484488747,5.796523917,6.442270205,3.797965165,0
-8.985214549,4.142705608,6.911243172,4.323334106,3.099616845,1
-12.22943435,4.083929011,4.973823921,6.712638875,4.897238687,0
-13.75061796,4.070708299,4.890717992,6.803831352,7.301077794,0
-11.12564792,4.106901342,4.094201431,5.944778629,4.679676321,0
-10.96899994,3.037835081,6.327034539,5.739007974,3.44705905,0
-9.391771168,3.492022628,3.250174291,4.423952421,6.593073333,1
-11.55188408,3.589298521,5.820053816,5.004745726,4.632211871,0
-13.1900422,2.693794253,5.446587985,6.523630067,6.689195298,0
-12.80430388,4.160014642,4.858826966,6.995536937,5.078047991,0
-12.02408201,4.152113063,3.043821276,5.454913933,6.657890424,0
-10.22202284,4.444404947,4.892512318,5.425456089,6.0422883,1
-11.85101078,3.053664575,6.903521109,5.061145272,4.857244762,0
-7.64225946,3.143787615,2.570969975,3.082083221,6.403374857,1
-11.69251294,2.903392345,6.542007954,4.42007386,5.634511013,0
-11.89550585,1.901036202,5.994830194,5.66564664,3.982614223,0
-12.81826597,3.376343621,3.911092295,5.659791725,5.338780505,0
-12.83300062,4.371955106,5.0359474,6.62697223,6.066222421,0
-9.703577542,5.067809339,3.134958326,4.343877844,7.962764454,1
-11.40361109,3.081881914,5.196561355,6.530264049,2.833767237,0
-10.81868104,2.778505823,5.61384983,5.125221668,6.109745818,0
-13.41118856,4.080332182,4.643201055,5.198288293,7.025445691,0
-12.75017507,2.59955165,5.663918708,6.371531184,5.082743137,0
-12.58869235,3.38931834,4.508574841,5.216313625,6.009516567,0
-10.79811437,2.330515744,3.007948143,5.040770767,6.025768126,0
-11.316087,1.769405056,6.181952947,7.134936829,5.795436382,0
-11.00367995,1.811438029,4.162831556,4.851503304,4.806534334,0
-9.374089906,3.942789099,3.322935302,4.993296384,6.278173586,1
-11.41311848,2.656176164,4.327171819,6.987280117,4.280486606,0
-12.35007282,2.313613961,3.932534699,8.579418355,5.841198712,0
-12.24500732,1.798286769,3.552151094,6.508725108,4.441882195,0
-14.72115279,3.987451116,6.092265596,4.855541525,4.894090166,0
-12.24559488,3.528419453,4.957900741,5.581676064,4.999491915,0
-9.293431363,3.532609139,4.554150528,6.598777224,5.203408243,0
-11.02404355,2.374239238,4.592067793,5.463089504,3.77422797,0
-10.22651187,5.331310013,4.520587819,4.249249134,5.123255764,1
-12.10064599,4.234433487,4.717955356,5.415253121,5.315655539,1
-13.3584898,5.123001152,5.486848817,6.983571696,4.433067957,0
-11.06876133,2.429708357,5.033495672,6.846957879,3.880675744,0
-12.93712669,1.479810434,5.373959973,6.781109065,4.816899112,0
-9.736956797,1.87656433,3.050578314,6.032154438,5.628680532,0
-12.32095429,1.160934199,6.112396326,5.614376485,3.646331337,0
-11.78505655,4.226484567,4.218559802,6.330027409,4.987706026,0
-8.308954812,3.353584295,2.945049769,3.546690729,4.654985296,1
-11.76811714,0.51040467,6.927196797,6.834221828,4.689788078,0
-11.2260975,3.158954603,3.597104549,5.216709575,5.660203402,0
-13.00518634,3.583959901,4.58580174,5.504201113,6.238630101,0
-12.38093303,3.77892231,6.277901305,7.441254194,5.573331339,0
-9.873267983,5.361936564,3.598847938,4.180427024,6.214250494,1
-12.70240627,3.481124268,3.993359345,5.517517448,3.787570992,0
-12.18013999,4.6024533,4.094189652,6.55569864,3.23321088,0
-10.85647708,2.250340623,5.494365603,6.457299473,5.711389169,0
-11.45376159,1.094271689,4.812585361,6.849062927,4.943147817,0
-11.7613732,3.324769692,5.743119582,6.026800796,4.559234853,0
-12.54886797,4.34241797,5.063866368,5.785792677,5.110919097,0
-13.34742156,0.931608201,3.792560692,5.674438728,6.734260676,0
-8.423102302,2.068831597,4.166786067,5.495979203,5.272773908,1
-9.143845635,2.994607072,4.032365604,5.505489284,5.660433198,1
-11.00830541,1.213292467,5.671359027,6.522102862,3.499359387,0
-10.96688394,2.633740287,4.770770208,5.229720689,6.029256843,0
-12.41824122,3.102706073,5.686758033,7.138142548,5.823680531,0
-12.64974225,5.049060882,3.301130412,4.741567575,5.692359384,0
-10.37442331,1.311363024,5.598191987,5.712842085,3.930167915,0
-13.5453055,2.345100745,5.398905776,7.911360756,5.447050389,0
-13.42747554,3.626089766,5.072275831,7.221372355,5.843203028,0
-12.02727378,3.392166043,4.226344405,5.381389653,5.611772762,0
-7.319447588,5.997766997,3.43246842,5.528881254,5.994112761,1
-12.59254017,1.951049159,6.355541538,6.103676972,6.488919123,0
-13.05030191,2.904827724,5.160928207,5.071341614,3.81915712,0
-12.37432052,1.386842338,6.632306273,5.705019686,4.66154263,0
-12.17666762,3.168072227,6.524594351,5.590131492,5.391300093,0
-12.65591365,2.806240844,5.833432829,6.427946229,4.91783442,0
-10.9186955,1.547287293,5.425803316,5.982086746,6.166292273,0
-11.37120481,2.803502832,3.291415423,6.806372078,4.914580116,0
-12.24018322,3.367044615,5.357678131,7.200861189,4.387988303,0
-12.99519218,2.195035599,5.794071178,7.700831682,5.414505305,0
-11.86907604,2.174244933,4.004002685,5.624301737,4.217275244,0
-12.69161382,3.507701145,4.881229063,5.605223305,2.899761219,0
-9.09480919,2.039623482,3.389518449,4.501855577,6.128973931,1
-10.92935593,2.666993855,4.75970732,6.951688854,3.418492156,0
-11.38357987,3.130391294,4.966626895,6.585679677,6.176083061,0
-9.307719809,5.90559606,3.930746001,4.33381776,4.297313582,1
-12.93315107,3.306073877,3.159762437,6.200523474,5.099793973,0
-14.6770559,3.01471695,2.972362393,6.542949072,5.343123297,0
-9.348260927,3.686722027,4.739786775,5.320452839,4.536594661,0
-10.98451244,3.472381114,5.873549171,5.626537603,3.700089479,0
-12.93181445,3.192243584,5.581556861,4.548637879,4.783653218,0
-11.6914824,3.744540282,3.381334599,4.688424177,6.013243376,0
-9.141128485,2.968026506,4.195315959,4.808721584,6.677883351,1
-13.04768156,4.857021557,5.320400651,4.904873802,3.613212587,0
-13.45901233,2.633452643,4.550954516,6.285325094,3.03585174,0
-13.60367894,2.565831183,6.726471563,4.695107718,5.393785372,0
-11.3935794,0.782463773,5.030031071,5.981123685,5.894197238,0
-13.45955477,2.103239103,3.417655792,5.916413095,5.684540792,0
-13.05661204,2.986610937,4.346420512,6.885236054,5.8124975,0
-8.687976223,2.549777042,4.959632748,3.65507336,8.20749052,1
-11.23262436,3.058315361,3.986176949,6.216874211,3.911105525,0
-12.48234961,3.124832816,3.793483474,5.901069679,5.076649531,0
-10.87320625,4.397797178,5.406294268,7.141306999,3.864731628,0
-12.46896957,3.367512229,5.301806369,4.610428072,5.444387911,0
-11.10167772,3.384652482,5.153201843,5.631666442,5.158893127,0
-11.32442003,3.158492109,4.858160951,7.989576765,4.666639224,0
-10.86304322,2.608839064,6.390084185,5.982653631,4.76685843,0
-13.96862902,3.285237826,5.546584018,5.380221352,5.231122803,0
-12.80230204,2.607840243,5.384540692,6.107031753,5.932132314,0
-11.95149293,3.762841156,5.914342776,5.148215024,5.450114518,0
-12.84758351,1.647274286,6.24908958,5.264227186,4.844641756,0
-11.54229536,2.284315889,4.28062727,7.285977241,3.97226429,0
-11.63302326,2.415750282,4.87800501,5.75174958,4.420311071,0
-11.96020975,2.123912743,6.311152723,7.091663403,4.432813023,0
-10.39521058,3.641488609,5.939922256,4.652599951,5.855928599,1
-9.919297127,2.451489941,4.951909102,7.067357408,7.231288403,0
-11.76706229,3.343974614,4.829887674,5.711683051,4.776239293,0
-13.78480033,1.616626785,5.407866733,7.065511578,4.731065116,0
-11.9977244,4.535757016,4.572313136,5.435275831,6.52590491,0
-12.30924797,2.091111868,5.744597127,6.251862217,4.950329806,0
-12.75950256,3.337760949,5.356877651,4.997990236,3.672194012,0
-12.28180815,2.047813155,4.029332792,6.283210291,4.889916428,0
-12.97428665,2.565662091,4.583697153,5.486518459,3.978413353,0
-10.99029569,2.712658808,3.633216373,5.179524763,4.407711499,0
-12.65363613,2.962876067,5.236883071,5.297936242,5.114524109,0
-10.06316943,3.332878393,6.043969331,5.952303354,5.538977388,0
-10.52226495,3.390220524,4.449527316,5.452440953,6.763499015,1
-12.1794464,3.571396667,4.988554879,6.250751385,2.748466975,0
-11.01192328,2.669423103,5.093745396,5.267280869,3.741055137,0
-11.75088418,0.921455374,4.373552206,4.3944662,4.532726954,0
-12.37324476,3.638910596,5.053859514,6.548769789,4.463797018,0
-11.25077146,3.800749159,2.603411606,5.256190552,6.035235977,0
-11.2584624,2.066078351,5.366912027,5.77748354,4.568769625,0
-12.64829229,1.804165415,3.894353519,4.666899177,3.927657718,0
-11.55152888,2.605708019,3.09127533,7.205146005,5.186837075,0
-12.26986439,3.718441609,4.026834998,5.532005611,3.641181983,0
-11.16656285,2.172131515,3.321065329,4.849658844,7.182315422,0
-11.67736287,3.767317401,5.559641421,4.305696507,6.075909937,0
-13.94418831,3.441708475,4.42924766,6.519523509,5.716562055,0
-13.68003278,3.211237958,4.582794512,6.339607514,6.856460507,0
-11.75848195,3.258289876,6.604841927,8.532285744,2.513221916,0
-12.31457331,2.103644384,5.093846597,5.469251488,6.222710155,0
-10.55373747,2.959906968,4.167527204,5.467761563,6.759871316,0
-9.055438006,4.218588886,4.31754298,5.554809402,6.130289749,1
-10.59307388,1.701207251,6.090001287,5.899947888,5.941315714,0
-11.76418741,3.868179909,4.99025304,5.270578753,4.584839044,0
-12.40729395,4.167944533,5.141352494,4.713849045,4.627854301,0
-10.51871101,5.729190515,7.013084759,7.344994066,4.715017752,0
-10.7688022,2.637631154,2.672464716,4.406793189,6.043738066,1
-10.31415589,3.165865587,4.518413945,5.97786919,5.93571909,0
-12.53884863,3.64429286,5.598184994,4.988876581,3.779939404,0
-12.24571486,1.17951311,4.320953606,4.784248561,4.671813879,0
-10.97979814,2.539272175,1.791865145,4.070162771,6.382930873,1
-10.06422926,3.056696494,3.812322837,4.239600581,5.246957701,1
-12.40998581,3.430432369,3.794464523,7.723213701,3.994934071,0
-11.16503579,5.134204047,5.054108184,6.451259343,3.816442326,0
-9.679451313,2.406138119,4.174042269,4.069721059,7.568629042,1
-12.63582285,3.012347099,5.795456844,5.011086977,5.766569588,0
-12.91729252,3.239229976,5.243445687,5.206994257,5.603260303,0
-13.05904803,2.872498352,4.483879965,6.617011297,5.623064909,0
-12.58829102,3.303240626,5.858011601,6.554797069,5.668499315,0
-13.12384141,2.918178387,5.394397089,6.238100634,4.969707792,0
-10.37984787,2.780894594,6.193948097,5.263416599,6.138728052,0
-12.35897779,2.634353202,4.744083991,6.849465229,5.630828088,0
-11.8240339,4.129272462,3.443366117,6.759484809,3.295402621,0
-10.30272537,3.170250185,3.382482936,6.5920617,6.66941255,1
-9.176150178,4.296999336,2.444421673,4.529414122,6.764107111,1
-9.945954824,3.120968034,4.365317632,4.036602513,7.424732832,1
-11.99698292,2.390427171,5.501832949,6.544031547,5.43982093,0
-9.523912509,4.171782255,4.967255652,5.155040817,6.143329868,1
-9.588692748,4.429809259,4.499215617,3.548517659,6.690263494,1
-12.57041349,4.735957766,3.726684332,5.610839979,5.182958233,0
-12.00675283,2.370579404,3.176377561,4.438177003,3.942156607,0
-12.73408887,5.57786621,6.786400132,6.654256131,4.266164717,0
-13.67754275,2.534132239,4.335547691,5.884000785,6.191856865,0
-10.65264086,5.798215871,5.71569183,5.124136874,5.955489479,1
-13.31878757,3.221056681,4.810383943,5.288250816,4.320952176,0
-11.40645889,5.576773574,6.24678646,6.505307338,4.771674676,0
-10.91972197,3.905650409,6.527761107,6.01959559,6.174050979,0
-10.48402081,1.378130794,5.874825277,7.503167535,4.213676574,0
-12.59177741,3.248033986,4.711010625,5.939876996,4.65866,0
-12.93582866,2.97348687,7.275167152,5.927422061,6.817434447,0
-10.1216016,4.854558378,4.538670428,6.057392326,6.747424007,1
-11.24674547,2.966371471,4.753418498,6.160532874,6.052986703,0
-11.93317369,4.191958082,4.072597933,5.660523108,6.123126139,1
-11.25874902,5.103669496,5.693335426,6.988966404,4.376436124,0
-9.968475761,4.111725296,2.586032312,2.817599779,6.075391123,1
-12.62267926,3.736328482,3.031624997,4.423078834,5.072729591,0
-10.01934333,1.965813985,3.225340715,4.196702138,5.832291704,1
-9.552507297,5.354824576,3.910459103,4.825523679,6.128455742,1
-11.53551805,5.044316219,3.714025271,5.214669595,7.208653464,1
-12.79445777,1.458149336,3.964564024,6.834832391,5.63981345,0
-12.50803001,2.652291384,4.657868746,6.724700793,6.078681485,0
-13.30474079,2.592284152,3.728598127,6.088821958,3.232683927,0
-11.6292792,5.348577282,4.22923269,5.88266163,5.084864329,1
-12.23326359,3.144312658,4.868249927,6.324141423,4.60782145,0
-12.09567181,3.95743668,5.330218523,4.950122236,6.80022574,0
-12.60407825,1.701258488,4.037092183,6.09890712,4.669776838,0
-10.86805806,3.038765298,5.648427252,6.389312412,7.035369906,0
-13.56629249,3.561156049,6.181092926,8.588052351,3.980544655,0
-12.9396343,3.491994627,6.45198487,6.220296177,4.157535924,0
-11.08471871,4.605860093,4.021567353,6.617844415,5.549455878,0
-12.26708463,4.605635384,5.75235452,5.190081435,4.77677241,0
-12.59942471,3.545226455,4.182832641,5.223668369,7.003583506,0
-12.42366337,3.91873156,4.486347393,4.684831954,4.234815711,0
-12.89414037,4.255121989,6.645028201,5.620895866,4.256199064,0
-12.43850332,1.10819496,4.716184641,5.04672403,5.02355961,0
-14.61649148,3.770645431,4.919850797,6.539626081,4.812297135,0
-11.87081439,3.941317969,4.2723587,6.068168916,4.396167322,0
-10.74523747,2.193832797,5.39153801,5.321361573,4.707243136,0
-11.87784153,3.148778898,4.774545544,5.686830915,6.998597265,0
-11.998604,3.2113929,6.849962862,7.479534619,5.553271345,0
-11.93982056,5.375449673,4.482262682,6.536436942,5.661672434,0
-12.01198953,3.333576116,4.13677814,7.934271856,6.794645928,0
-11.99052246,1.832232869,5.767755515,6.694649757,5.30999842,0
-13.65580542,3.85519858,4.552239237,6.150674294,3.707932877,0
-12.19804665,3.703572887,4.548856262,6.503494286,4.992376104,0
-8.241489056,4.192070597,4.779255418,7.358859285,5.338563667,1
-11.69041019,2.670708955,6.360937534,5.379366745,2.713263174,0
-10.01741392,1.607854092,4.970499659,5.168694723,5.159409988,0
-12.69284072,2.956165814,3.050971934,6.665293819,4.775030386,0
-12.95236632,3.303474554,7.140313447,6.397097609,3.614457576,0
-11.7600977,3.349672115,5.12547877,5.631275018,5.185545155,0
-12.04928519,1.696611463,4.332599834,6.83724161,5.603148951,0
-9.420073,5.118362077,4.023603601,4.977988443,6.589469873,1
-14.20207991,2.940350773,5.06205642,5.846794686,5.636615557,0
-10.73393675,3.895803515,3.296665481,4.960855012,4.009664013,0
-12.35417808,3.645728934,4.521941909,7.012848333,5.24475615,0
-11.15044096,3.866302686,4.900287843,6.944317914,4.965138516,0
-8.228171011,3.997546462,4.842868082,4.550843663,8.123021923,1
-11.17893923,4.06135489,4.027980873,7.707465819,4.454287944,0
-11.20662741,3.997002517,4.245857102,4.256742604,4.267877791,0
-10.63761874,2.494357267,6.882113672,5.332935799,5.186464394,0
-11.85263411,3.489089242,4.735194294,5.767705997,5.140256647,0
-8.561069402,5.571009308,5.397257778,5.417434383,6.840742118,1
-9.979706613,3.35839993,2.523783407,4.846322944,4.180466099,1
-13.21590448,1.475243254,5.13373386,6.309068593,3.94445822,0
-11.77190686,2.77475138,5.799429518,6.12336061,3.804117864,0
-11.93709996,4.795320352,4.170915769,6.088078656,6.880786717,0
-8.939764105,3.402980548,5.532340309,5.244765002,3.700089365,0
-14.18183032,4.914682256,4.861444272,6.699677045,7.7000425,0
-12.88712645,1.668902976,3.877758803,5.695395389,4.16764676,0
-11.50747191,1.753823094,4.127005089,5.517228263,5.246212209,0
-12.86422123,2.629834398,4.489624016,6.296983428,3.848086453,0
-10.95009007,2.773959053,5.311593419,5.913865313,5.786197689,0
-13.13401389,4.230015799,5.29083504,5.725343726,5.32807347,0
-11.02372371,1.980628157,5.33976913,7.218794513,4.73414326,0
-10.71873866,2.780295502,3.706197217,6.450911527,4.790089779,0
-11.52399925,2.937562655,6.175104946,7.997991387,3.45525891,0
-12.01710155,2.415575228,4.556476842,4.177015149,4.042964789,0
-11.79069171,4.159259584,3.107729533,6.332898917,5.353908753,0
-11.41530014,1.592865287,4.406603124,6.365551523,5.589350038,0
-12.49736169,2.179183019,5.584198719,4.788644157,4.511524164,0
-10.60793687,4.161785465,3.486947849,4.791324138,6.068831928,1
-12.36397183,4.309794849,4.278395484,6.822128334,6.900133206,0
-10.71028764,3.080621715,4.89720246,5.842945865,4.865854198,0
-11.96813019,2.848826545,4.157416899,4.722890579,4.106620183,0
-13.78638314,3.139380038,4.359243874,6.328494778,6.689317703,0
-11.11759058,3.741525143,6.962858265,6.749947304,7.670077422,0
-12.83846047,4.109040946,4.113612626,7.082576058,6.403903205,0
-10.02786871,3.257214904,4.844111393,5.635630447,3.409799,0
-12.68213764,3.918432427,4.88292923,4.389523277,5.738718104,0
-11.6410995,3.930384097,6.327716785,5.650740231,4.978266339,0
-10.97501521,1.764668686,3.936609818,8.529452386,4.097391204,0
-11.91720567,1.108554551,6.627939531,5.552930523,6.044356124,0
-9.948817219,3.986729325,4.956238842,5.451149377,6.162134171,1
-13.40741719,3.497691173,4.461752833,4.863572376,4.675297001,0
-13.79408897,3.346034078,6.360307074,8.332927881,4.289758737,0
-11.96489842,4.46019911,4.926797147,6.591513118,4.777428712,0
-10.12373682,3.255753413,3.073539047,5.439489296,7.001979562,1
-10.90351093,1.567225625,5.56036427,5.713395495,4.182590187,0
-12.44959618,2.735818749,4.026083957,5.071145556,3.703801471,0
-11.47060658,3.364614244,3.681251482,5.896207305,4.536253346,0
-11.18472257,2.123168285,5.398474871,5.780293279,6.520985268,0
-11.41076883,4.931420565,2.310610027,3.413196743,7.231787808,1
-11.89905653,2.790433645,5.293882169,5.927629061,6.083291126,0
-10.91036361,2.26322289,5.492271708,6.541701014,5.50483752,0
-9.871269329,0.701490126,5.785122522,6.405499585,5.652335405,0
-10.97906789,0.753949134,4.592774512,8.191712568,7.00709774,0
-13.11886465,5.699523057,4.765114036,6.187617525,5.212884437,0
-12.12875054,3.146598481,4.91910318,7.508344729,5.028591997,0
-12.71984118,4.770088308,5.552077767,5.233495025,3.60167737,0
-9.416289062,4.8756956,5.801140406,5.748448682,5.670169608,1
-13.43626696,1.848886906,5.494903087,4.820560398,5.116838751,0
-10.80247294,3.45947643,4.549835612,6.007860543,4.127690563,0
-13.53585825,3.129865581,3.61939767,6.546527449,6.234211784,0
-11.54330892,3.595321777,3.778936,6.32746995,4.596304578,0
-11.91784703,1.444075374,4.616810565,6.104067431,4.603735574,0
-10.98465663,1.587647518,4.528415315,5.339442898,4.848377438,0
-11.08483069,5.428866883,4.675541683,5.273352655,3.555415883,1
-11.17942968,3.737947214,5.904115772,4.01306452,4.382773986,0
-11.61607428,2.378686205,4.600866778,7.24330395,5.521603478,0
-12.92985661,4.856602571,5.478400801,5.684216799,4.063282898,0
-11.12805726,4.726410384,5.845485267,5.352344502,4.102821831,0
-11.29128264,2.431540382,4.502300256,6.631035793,3.261561991,0
-12.06918375,3.461846697,5.968590031,6.497044983,3.983724981,0
-11.28399367,1.832564754,4.828740268,6.136962182,5.600561348,0
-9.431644577,4.137187557,3.216976145,4.226593516,6.072320236,1
-12.3568774,2.002796396,5.610695974,3.888831474,1.907612213,0
-10.83037709,3.738141867,6.094218572,6.367941614,5.18823047,0
-11.20249942,5.592798284,5.520791236,7.357294067,3.819787566,0
-11.98606696,2.865907214,4.802216411,5.365233431,5.053495561,0
-10.35570655,4.602403717,4.017805213,4.801833128,6.447614353,1
-11.54452533,2.444054675,4.744883664,6.739244865,3.623342206,0
-11.20504173,3.719533153,5.087662257,4.677251594,5.051793979,0
-11.80002055,3.567486136,5.435807976,5.603106831,5.88226142,0
-12.04696496,3.856679909,5.160931045,5.856356923,7.02622434,0
-10.046491,1.48771723,5.033676797,6.545667222,3.767934144,0
-12.03141731,2.371169586,5.158282181,5.914093162,3.719999235,0
-11.6189331,2.142625789,4.612792889,6.875069738,6.302580131,0
-11.683609,3.59240684,3.852074404,7.783510166,5.452147927,0
-9.794336883,4.792906138,3.988167682,4.683808106,5.512677263,1
-11.6344863,2.082369479,4.837778741,4.074321353,6.678578361,0
-10.93028798,1.927491471,4.471644299,8.255893979,6.459317786,0
-12.59213791,2.211807593,6.38353357,3.825391171,2.505187527,0
-11.39779546,2.734884766,5.705916069,5.663748721,5.606066149,0
-9.542096,4.739074662,4.993110789,5.647592971,6.776200705,1
